id,file,captureLocal,durationSeconds,mebibytes,displayWidth,displayHeight,width,height,rotation,fps,videoCodec,pixelFormat,colorSpace,audioCodec,camera,lens,shootBlock,reviewStatus,rating,contentType,keepReason,notes
C2260,C2260.MP4,2026-07-18T09:22:13-06:00,4.004,64.1,1080,1920,1920,1080,90,119.88,h264,yuv420p,bt709,pcm_s16be,ILCE-7M5,FE 85mm F1.4 GM II,1,unreviewed,,,,
C2261,C2261.MP4,2026-07-18T09:22:29-06:00,5.506,64.1,1080,1920,1920,1080,90,119.88,h264,yuv420p,bt709,pcm_s16be,ILCE-7M5,FE 85mm F1.4 GM II,1,unreviewed,,,,
C2262,C2262.MP4,2026-07-18T09:23:15-06:00,12.012,128.2,1080,1920,1920,1080,90,119.88,h264,yuv420p,bt709,pcm_s16be,ILCE-7M5,FE 85mm F1.4 GM II,1,unreviewed,,,,
C2263,C2263.MP4,2026-07-18T09:23:49-06:00,13.514,128.2,1080,1920,1920,1080,90,119.88,h264,yuv420p,bt709,pcm_s16be,ILCE-7M5,FE 85mm F1.4 GM II,1,unreviewed,,,,
C2265,C2265.MP4,2026-07-18T09:33:56-06:00,8.008,128.1,1080,1920,1920,1080,90,119.88,h264,yuv420p,bt709,pcm_s16be,ILCE-7M5,FE 85mm F1.4 GM II,1,unreviewed,,,,
C2266,C2266.MP4,2026-07-18T09:34:15-06:00,9.51,128.1,1080,1920,1920,1080,90,119.88,h264,yuv420p,bt709,pcm_s16be,ILCE-7M5,FE 85mm F1.4 GM II,1,unreviewed,,,,
C2268,C2268.MP4,2026-07-18T09:35:09-06:00,8.008,128.1,1080,1920,1920,1080,90,119.88,h264,yuv420p,bt709,pcm_s16be,ILCE-7M5,FE 85mm F1.4 GM II,1,unreviewed,,,,
C2269,C2269.MP4,2026-07-18T09:35:27-06:00,9.009,128.1,1080,1920,1920,1080,90,119.88,h264,yuv420p,bt709,pcm_s16be,ILCE-7M5,FE 85mm F1.4 GM II,1,unreviewed,,,,
C2270,C2270.MP4,2026-07-18T09:35:51-06:00,10.511,128.2,1080,1920,1920,1080,90,119.88,h264,yuv420p,bt709,pcm_s16be,ILCE-7M5,FE 85mm F1.4 GM II,1,unreviewed,,,,
C2271,C2271.MP4,2026-07-18T09:36:21-06:00,8.509,128.1,1080,1920,1920,1080,90,119.88,h264,yuv420p,bt709,pcm_s16be,ILCE-7M5,FE 85mm F1.4 GM II,1,unreviewed,,,,
C2273,C2273.MP4,2026-07-18T09:36:56-06:00,16.016,192.2,1080,1920,1920,1080,90,119.88,h264,yuv420p,bt709,pcm_s16be,ILCE-7M5,FE 85mm F1.4 GM II,1,unreviewed,,,,
C2274,C2274.MP4,2026-07-18T09:37:27-06:00,7.007,128.1,1080,1920,1920,1080,90,119.88,h264,yuv420p,bt709,pcm_s16be,ILCE-7M5,FE 85mm F1.4 GM II,1,unreviewed,,,,
C2276,C2276.MP4,2026-07-18T09:38:05-06:00,10.511,128.2,1080,1920,1920,1080,90,119.88,h264,yuv420p,bt709,pcm_s16be,ILCE-7M5,FE 85mm F1.4 GM II,1,unreviewed,,,,
C2277,C2277.MP4,2026-07-18T09:38:27-06:00,10.01,128.2,1080,1920,1920,1080,90,119.88,h264,yuv420p,bt709,pcm_s16be,ILCE-7M5,FE 85mm F1.4 GM II,1,unreviewed,,,,
C2278,C2278.MP4,2026-07-18T09:39:43-06:00,9.51,128.2,1080,1920,1920,1080,90,119.88,h264,yuv420p,bt709,pcm_s16be,ILCE-7M5,FE 85mm F1.4 GM II,1,unreviewed,,,,
C2279,C2279.MP4,2026-07-18T09:40:13-06:00,12.513,128.2,1080,1920,1920,1080,90,119.88,h264,yuv420p,bt709,pcm_s16be,ILCE-7M5,FE 85mm F1.4 GM II,1,unreviewed,,,,
C2280,C2280.MP4,2026-07-18T09:40:57-06:00,15.015,192.2,1080,1920,1920,1080,90,119.88,h264,yuv420p,bt709,pcm_s16be,ILCE-7M5,FE 85mm F1.4 GM II,1,unreviewed,,,,
C2282,C2282.MP4,2026-07-18T09:41:54-06:00,8.509,128.1,1080,1920,1920,1080,90,119.88,h264,yuv420p,bt709,pcm_s16be,ILCE-7M5,FE 85mm F1.4 GM II,1,unreviewed,,,,
C2283,C2283.MP4,2026-07-18T09:42:18-06:00,11.011,128.2,1080,1920,1920,1080,90,119.88,h264,yuv420p,bt709,pcm_s16be,ILCE-7M5,FE 85mm F1.4 GM II,1,unreviewed,,,,
C2284,C2284.MP4,2026-07-18T09:42:41-06:00,11.011,128.2,1080,1920,1920,1080,90,119.88,h264,yuv420p,bt709,pcm_s16be,ILCE-7M5,FE 85mm F1.4 GM II,1,unreviewed,,,,
C2285,C2285.MP4,2026-07-18T10:02:52-06:00,14.515,192.2,1080,1920,1920,1080,90,119.88,h264,yuv420p,bt709,pcm_s16be,ILCE-7M5,FE 85mm F1.4 GM II,2,unreviewed,,,,
C2287,C2287.MP4,2026-07-18T10:04:32-06:00,8.008,128.1,1080,1920,1920,1080,90,119.88,h264,yuv420p,bt709,pcm_s16be,ILCE-7M5,FE 85mm F1.4 GM II,2,unreviewed,,,,
C2289,C2289.MP4,2026-07-18T10:05:20-06:00,15.015,192.2,1080,1920,1920,1080,90,119.88,h264,yuv420p,bt709,pcm_s16be,ILCE-7M5,FE 85mm F1.4 GM II,2,unreviewed,,,,
C2290,C2290.MP4,2026-07-18T10:05:47-06:00,9.51,128.2,1080,1920,1920,1080,90,119.88,h264,yuv420p,bt709,pcm_s16be,ILCE-7M5,FE 85mm F1.4 GM II,2,unreviewed,,,,
C2291,C2291.MP4,2026-07-18T10:06:14-06:00,9.51,128.2,1080,1920,1920,1080,90,119.88,h264,yuv420p,bt709,pcm_s16be,ILCE-7M5,FE 85mm F1.4 GM II,2,unreviewed,,,,
C2292,C2292.MP4,2026-07-18T10:06:37-06:00,4.505,64.1,1080,1920,1920,1080,90,119.88,h264,yuv420p,bt709,pcm_s16be,ILCE-7M5,FE 85mm F1.4 GM II,2,unreviewed,,,,
C2293,C2293.MP4,2026-07-18T10:06:48-06:00,21.021,256.2,1080,1920,1920,1080,90,119.88,h264,yuv420p,bt709,pcm_s16be,ILCE-7M5,FE 85mm F1.4 GM II,2,unreviewed,,,,
C2295,C2295.MP4,2026-07-18T10:07:48-06:00,13.013,128.2,1080,1920,1920,1080,90,119.88,h264,yuv420p,bt709,pcm_s16be,ILCE-7M5,FE 85mm F1.4 GM II,2,unreviewed,,,,
C2298,C2298.MP4,2026-07-18T10:20:13-06:00,11.512,128.2,1080,1920,1920,1080,90,119.88,h264,yuv420p,bt709,pcm_s16be,ILCE-7M5,FE 50mm F1.4 GM,3,unreviewed,,,,
C2299,C2299.MP4,2026-07-18T10:20:45-06:00,9.51,128.2,1080,1920,1920,1080,90,119.88,h264,yuv420p,bt709,pcm_s16be,ILCE-7M5,FE 50mm F1.4 GM,3,unreviewed,,,,
C2300,C2300.MP4,2026-07-18T10:21:07-06:00,6.006,64.1,1080,1920,1920,1080,90,119.88,h264,yuv420p,bt709,pcm_s16be,ILCE-7M5,FE 50mm F1.4 GM,3,unreviewed,,,,
C2302,C2302.MP4,2026-07-18T10:22:57-06:00,10.511,128.2,1080,1920,1920,1080,90,119.88,h264,yuv420p,bt709,pcm_s16be,ILCE-7M5,FE 50mm F1.4 GM,3,unreviewed,,,,
C2303,C2303.MP4,2026-07-18T10:23:20-06:00,10.511,128.2,1080,1920,1920,1080,90,119.88,h264,yuv420p,bt709,pcm_s16be,ILCE-7M5,FE 50mm F1.4 GM,3,unreviewed,,,,
C2304,C2304.MP4,2026-07-18T10:23:44-06:00,9.009,128.1,1080,1920,1920,1080,90,119.88,h264,yuv420p,bt709,pcm_s16be,ILCE-7M5,FE 50mm F1.4 GM,3,unreviewed,,,,
C2306,C2306.MP4,2026-07-18T10:24:12-06:00,9.009,128.1,1080,1920,1920,1080,90,119.88,h264,yuv420p,bt709,pcm_s16be,ILCE-7M5,FE 50mm F1.4 GM,3,unreviewed,,,,
C2307,C2307.MP4,2026-07-18T10:24:36-06:00,18.018,192.2,1080,1920,1920,1080,90,119.88,h264,yuv420p,bt709,pcm_s16be,ILCE-7M5,FE 50mm F1.4 GM,3,unreviewed,,,,
C2308,C2308.MP4,2026-07-18T10:25:08-06:00,9.009,128.1,1080,1920,1920,1080,90,119.88,h264,yuv420p,bt709,pcm_s16be,ILCE-7M5,FE 50mm F1.4 GM,3,unreviewed,,,,
C2309,C2309.MP4,2026-07-18T10:25:21-06:00,5.506,64.1,1080,1920,1920,1080,90,119.88,h264,yuv420p,bt709,pcm_s16be,ILCE-7M5,FE 50mm F1.4 GM,3,unreviewed,,,,
C2310,C2310.MP4,2026-07-18T10:25:29-06:00,12.513,128.2,1080,1920,1920,1080,90,119.88,h264,yuv420p,bt709,pcm_s16be,ILCE-7M5,FE 50mm F1.4 GM,3,unreviewed,,,,
C2311,C2311.MP4,2026-07-18T10:25:56-06:00,12.513,128.2,1080,1920,1920,1080,90,119.88,h264,yuv420p,bt709,pcm_s16be,ILCE-7M5,FE 50mm F1.4 GM,3,unreviewed,,,,
C2315,C2315.MP4,2026-07-18T10:27:40-06:00,9.51,128.2,1080,1920,1920,1080,90,119.88,h264,yuv420p,bt709,pcm_s16be,ILCE-7M5,FE 50mm F1.4 GM,3,unreviewed,,,,
C2316,C2316.MP4,2026-07-18T10:28:10-06:00,10.01,128.2,1080,1920,1920,1080,90,119.88,h264,yuv420p,bt709,pcm_s16be,ILCE-7M5,FE 50mm F1.4 GM,3,unreviewed,,,,
C2317,C2317.MP4,2026-07-18T10:28:32-06:00,18.519,192.2,1080,1920,1920,1080,90,119.88,h264,yuv420p,bt709,pcm_s16be,ILCE-7M5,FE 50mm F1.4 GM,3,unreviewed,,,,
C2318,C2318.MP4,2026-07-18T10:29:03-06:00,3.504,64.1,1080,1920,1920,1080,90,119.88,h264,yuv420p,bt709,pcm_s16be,ILCE-7M5,FE 50mm F1.4 GM,3,unreviewed,,,,
C2319,C2319.MP4,2026-07-18T10:29:09-06:00,18.018,192.2,1080,1920,1920,1080,90,119.88,h264,yuv420p,bt709,pcm_s16be,ILCE-7M5,FE 50mm F1.4 GM,3,unreviewed,,,,
C2320,C2320.MP4,2026-07-18T10:29:55-06:00,21.522,256.2,1080,1920,1920,1080,90,119.88,h264,yuv420p,bt709,pcm_s16be,ILCE-7M5,FE 50mm F1.4 GM,3,unreviewed,,,,
C2323,C2323.MP4,2026-07-18T10:31:19-06:00,7.007,128.1,1080,1920,1920,1080,90,119.88,h264,yuv420p,bt709,pcm_s16be,ILCE-7M5,FE 50mm F1.4 GM,3,unreviewed,,,,
C2324,C2324.MP4,2026-07-18T10:31:41-06:00,16.016,192.2,1080,1920,1920,1080,90,119.88,h264,yuv420p,bt709,pcm_s16be,ILCE-7M5,FE 50mm F1.4 GM,3,unreviewed,,,,
C2325,C2325.MP4,2026-07-18T12:18:49-06:00,6.006,64.1,1080,1920,1920,1080,90,119.88,h264,yuv420p,bt709,pcm_s16be,ILCE-7M5,FE 50mm F1.4 GM,4,unreviewed,,,,
C2326,C2326.MP4,2026-07-18T12:19:05-06:00,12.012,128.2,1080,1920,1920,1080,90,119.88,h264,yuv420p,bt709,pcm_s16be,ILCE-7M5,FE 50mm F1.4 GM,4,unreviewed,,,,
C2327,C2327.MP4,2026-07-18T12:19:56-06:00,19.52,192.2,1080,1920,1920,1080,90,119.88,h264,yuv420p,bt709,pcm_s16be,ILCE-7M5,FE 50mm F1.4 GM,4,unreviewed,,,,
C2328,C2328.MP4,2026-07-18T12:22:05-06:00,11.011,128.2,1080,1920,1920,1080,90,119.88,h264,yuv420p,bt709,pcm_s16be,ILCE-7M5,FE 50mm F1.4 GM,4,unreviewed,,,,
C2329,C2329.MP4,2026-07-18T12:44:14-06:00,106.106,1024.3,1080,1920,1920,1080,90,119.88,h264,yuv420p,bt709,pcm_s16be,ILCE-7M5,FE 50mm F1.4 GM,5,unreviewed,,,,
C2330,C2330.MP4,2026-07-18T12:46:05-06:00,14.014,192.2,1080,1920,1920,1080,90,119.88,h264,yuv420p,bt709,pcm_s16be,ILCE-7M5,FE 50mm F1.4 GM,5,unreviewed,,,,
C2332,C2332.MP4,2026-07-18T12:46:34-06:00,10.01,128.2,1080,1920,1920,1080,90,119.88,h264,yuv420p,bt709,pcm_s16be,ILCE-7M5,FE 50mm F1.4 GM,5,unreviewed,,,,
C2333,C2333.MP4,2026-07-18T12:47:01-06:00,21.522,256.2,1080,1920,1920,1080,90,119.88,h264,yuv420p,bt709,pcm_s16be,ILCE-7M5,FE 50mm F1.4 GM,5,unreviewed,,,,
C2336,C2336.MP4,2026-07-18T12:48:45-06:00,4.505,64.1,1080,1920,1920,1080,90,119.88,h264,yuv420p,bt709,pcm_s16be,ILCE-7M5,FE 50mm F1.4 GM,5,unreviewed,,,,
C2337,C2337.MP4,2026-07-18T12:49:16-06:00,18.018,192.2,1080,1920,1920,1080,90,119.88,h264,yuv420p,bt709,pcm_s16be,ILCE-7M5,FE 50mm F1.4 GM,5,unreviewed,,,,
C2340,C2340.MP4,2026-07-18T13:57:27-06:00,7.007,128.1,1080,1920,1920,1080,90,119.88,h264,yuv420p,bt709,pcm_s16be,ILCE-7M5,FE 50mm F1.4 GM,6,unreviewed,,,,
C2341,C2341.MP4,2026-07-18T13:57:45-06:00,7.007,128.1,1080,1920,1920,1080,90,119.88,h264,yuv420p,bt709,pcm_s16be,ILCE-7M5,FE 50mm F1.4 GM,6,unreviewed,,,,
C2342,C2342.MP4,2026-07-18T13:58:10-06:00,13.013,128.2,1080,1920,1920,1080,90,119.88,h264,yuv420p,bt709,pcm_s16be,ILCE-7M5,FE 50mm F1.4 GM,6,unreviewed,,,,
C2343,C2343.MP4,2026-07-18T13:58:36-06:00,8.509,128.1,1080,1920,1920,1080,90,119.88,h264,yuv420p,bt709,pcm_s16be,ILCE-7M5,FE 50mm F1.4 GM,6,unreviewed,,,,
C2344,C2344.MP4,2026-07-18T13:59:07-06:00,13.514,128.2,1080,1920,1920,1080,90,119.88,h264,yuv420p,bt709,pcm_s16be,ILCE-7M5,FE 50mm F1.4 GM,6,unreviewed,,,,
C2345,C2345.MP4,2026-07-18T13:59:31-06:00,11.011,128.2,1080,1920,1920,1080,90,119.88,h264,yuv420p,bt709,pcm_s16be,ILCE-7M5,FE 50mm F1.4 GM,6,unreviewed,,,,
C2347,C2347.MP4,2026-07-18T14:00:09-06:00,7.508,128.1,1080,1920,1920,1080,90,119.88,h264,yuv420p,bt709,pcm_s16be,ILCE-7M5,FE 50mm F1.4 GM,6,unreviewed,,,,
C2349,C2349.MP4,2026-07-18T14:01:03-06:00,21.021,256.2,1080,1920,1920,1080,90,119.88,h264,yuv420p,bt709,pcm_s16be,ILCE-7M5,FE 50mm F1.4 GM,6,unreviewed,,,,
C2351,C2351.MP4,2026-07-18T14:01:59-06:00,13.514,128.2,1080,1920,1920,1080,90,119.88,h264,yuv420p,bt709,pcm_s16be,ILCE-7M5,FE 50mm F1.4 GM,6,unreviewed,,,,
C2352,C2352.MP4,2026-07-18T14:02:33-06:00,13.013,128.2,1080,1920,1920,1080,90,119.88,h264,yuv420p,bt709,pcm_s16be,ILCE-7M5,FE 50mm F1.4 GM,6,unreviewed,,,,
C2353,C2353.MP4,2026-07-18T14:02:59-06:00,8.509,128.1,1080,1920,1920,1080,90,119.88,h264,yuv420p,bt709,pcm_s16be,ILCE-7M5,FE 50mm F1.4 GM,6,unreviewed,,,,
C2354,C2354.MP4,2026-07-18T14:04:21-06:00,17.017,192.2,1080,1920,1920,1080,90,119.88,h264,yuv420p,bt709,pcm_s16be,ILCE-7M5,FE 50mm F1.4 GM,6,unreviewed,,,,
C2355,C2355.MP4,2026-07-18T14:05:18-06:00,15.516,192.2,1080,1920,1920,1080,90,119.88,h264,yuv420p,bt709,pcm_s16be,ILCE-7M5,FE 50mm F1.4 GM,6,unreviewed,,,,
C2356,C2356.MP4,2026-07-18T14:06:13-06:00,6.507,64.1,1080,1920,1920,1080,90,119.88,h264,yuv420p,bt709,pcm_s16be,ILCE-7M5,FE 50mm F1.4 GM,6,unreviewed,,,,
C2358,C2358.MP4,2026-07-18T14:06:53-06:00,13.013,128.2,1080,1920,1920,1080,90,119.88,h264,yuv420p,bt709,pcm_s16be,ILCE-7M5,FE 50mm F1.4 GM,6,unreviewed,,,,
C2359,C2359.MP4,2026-07-18T14:12:55-06:00,6.006,64.1,1080,1920,1920,1080,90,119.88,h264,yuv420p,bt709,pcm_s16be,ILCE-7M5,FE 50mm F1.4 GM,6,unreviewed,,,,
C2361,C2361.MP4,2026-07-18T14:13:28-06:00,8.008,128.1,1080,1920,1920,1080,90,119.88,h264,yuv420p,bt709,pcm_s16be,ILCE-7M5,FE 50mm F1.4 GM,6,unreviewed,,,,
C2362,C2362.MP4,2026-07-18T14:13:46-06:00,7.508,128.1,1080,1920,1920,1080,90,119.88,h264,yuv420p,bt709,pcm_s16be,ILCE-7M5,FE 50mm F1.4 GM,6,unreviewed,,,,
C2363,C2363.MP4,2026-07-18T14:14:12-06:00,11.512,128.2,1080,1920,1920,1080,90,119.88,h264,yuv420p,bt709,pcm_s16be,ILCE-7M5,FE 50mm F1.4 GM,6,unreviewed,,,,
C2364,C2364.MP4,2026-07-18T14:14:35-06:00,7.007,128.1,1080,1920,1920,1080,90,119.88,h264,yuv420p,bt709,pcm_s16be,ILCE-7M5,FE 50mm F1.4 GM,6,unreviewed,,,,
C2369,C2369.MP4,2026-07-18T14:17:24-06:00,15.015,192.2,1080,1920,1920,1080,90,119.88,h264,yuv420p,bt709,pcm_s16be,ILCE-7M5,FE 50mm F1.4 GM,6,unreviewed,,,,
C2370,C2370.MP4,2026-07-18T14:17:52-06:00,6.006,64.1,1080,1920,1920,1080,90,119.88,h264,yuv420p,bt709,pcm_s16be,ILCE-7M5,FE 50mm F1.4 GM,6,unreviewed,,,,
C2371,C2371.MP4,2026-07-18T14:18:14-06:00,14.014,192.2,1080,1920,1920,1080,90,119.88,h264,yuv420p,bt709,pcm_s16be,ILCE-7M5,FE 50mm F1.4 GM,6,unreviewed,,,,
C2372,C2372.MP4,2026-07-18T14:18:37-06:00,10.01,128.2,1080,1920,1920,1080,90,119.88,h264,yuv420p,bt709,pcm_s16be,ILCE-7M5,FE 50mm F1.4 GM,6,unreviewed,,,,
C2373,C2373.MP4,2026-07-18T14:19:47-06:00,11.011,128.2,1080,1920,1920,1080,90,119.88,h264,yuv420p,bt709,pcm_s16be,ILCE-7M5,FE 50mm F1.4 GM,6,unreviewed,,,,
C2374,C2374.MP4,2026-07-18T14:20:18-06:00,8.509,128.1,1080,1920,1920,1080,90,119.88,h264,yuv420p,bt709,pcm_s16be,ILCE-7M5,FE 50mm F1.4 GM,6,unreviewed,,,,
C2375,C2375.MP4,2026-07-18T14:20:42-06:00,14.014,192.2,1080,1920,1920,1080,90,119.88,h264,yuv420p,bt709,pcm_s16be,ILCE-7M5,FE 50mm F1.4 GM,6,unreviewed,,,,
C2378,C2378.MP4,2026-07-18T14:22:16-06:00,1.001,64.1,1080,1920,1920,1080,90,119.88,h264,yuv420p,bt709,pcm_s16be,ILCE-7M5,FE 50mm F1.4 GM,6,unreviewed,,,,
C2380,C2380.MP4,2026-07-18T14:22:26-06:00,6.507,64.1,1080,1920,1920,1080,90,119.88,h264,yuv420p,bt709,pcm_s16be,ILCE-7M5,FE 50mm F1.4 GM,6,unreviewed,,,,
C2381,C2381.MP4,2026-07-18T14:22:38-06:00,10.01,128.2,1080,1920,1920,1080,90,119.88,h264,yuv420p,bt709,pcm_s16be,ILCE-7M5,FE 50mm F1.4 GM,6,unreviewed,,,,
C2382,C2382.MP4,2026-07-18T14:23:15-06:00,10.511,128.2,1080,1920,1920,1080,90,119.88,h264,yuv420p,bt709,pcm_s16be,ILCE-7M5,FE 50mm F1.4 GM,6,unreviewed,,,,
C2383,C2383.MP4,2026-07-18T14:23:37-06:00,10.01,128.2,1080,1920,1920,1080,90,119.88,h264,yuv420p,bt709,pcm_s16be,ILCE-7M5,FE 50mm F1.4 GM,6,unreviewed,,,,
C2384,C2384.MP4,2026-07-18T14:24:03-06:00,3.504,64.1,1080,1920,1920,1080,90,119.88,h264,yuv420p,bt709,pcm_s16be,ILCE-7M5,FE 50mm F1.4 GM,6,unreviewed,,,,
C2385,C2385.MP4,2026-07-18T14:37:05-06:00,10.511,128.2,1080,1920,1920,1080,90,119.88,h264,yuv420p,bt709,pcm_s16be,ILCE-7M5,FE 50mm F1.4 GM,7,unreviewed,,,,
C2386,C2386.MP4,2026-07-18T14:37:35-06:00,16.016,192.2,1080,1920,1920,1080,90,119.88,h264,yuv420p,bt709,pcm_s16be,ILCE-7M5,FE 50mm F1.4 GM,7,unreviewed,,,,
C2387,C2387.MP4,2026-07-18T14:38:20-06:00,17.017,192.2,1080,1920,1920,1080,90,119.88,h264,yuv420p,bt709,pcm_s16be,ILCE-7M5,FE 50mm F1.4 GM,7,unreviewed,,,,
C2388,C2388.MP4,2026-07-18T14:39:18-06:00,7.508,128.1,1080,1920,1920,1080,90,119.88,h264,yuv420p,bt709,pcm_s16be,ILCE-7M5,FE 50mm F1.4 GM,7,unreviewed,,,,
C2389,C2389.MP4,2026-07-18T14:39:39-06:00,7.007,128.1,1080,1920,1920,1080,90,119.88,h264,yuv420p,bt709,pcm_s16be,ILCE-7M5,FE 50mm F1.4 GM,7,unreviewed,,,,
C2391,C2391.MP4,2026-07-18T14:40:56-06:00,11.011,128.2,1080,1920,1920,1080,90,119.88,h264,yuv420p,bt709,pcm_s16be,ILCE-7M5,FE 50mm F1.4 GM,7,unreviewed,,,,
C2393,C2393.MP4,2026-07-18T14:42:38-06:00,12.012,128.2,1080,1920,1920,1080,90,119.88,h264,yuv420p,bt709,pcm_s16be,ILCE-7M5,FE 50mm F1.4 GM,7,unreviewed,,,,
C2394,C2394.MP4,2026-07-18T14:43:09-06:00,11.512,128.2,1080,1920,1920,1080,90,119.88,h264,yuv420p,bt709,pcm_s16be,ILCE-7M5,FE 50mm F1.4 GM,7,unreviewed,,,,
C2395,C2395.MP4,2026-07-18T14:46:29-06:00,12.012,128.2,1080,1920,1920,1080,90,119.88,h264,yuv420p,bt709,pcm_s16be,ILCE-7M5,FE 50mm F1.4 GM,7,unreviewed,,,,
C2397,C2397.MP4,2026-07-18T14:58:11-06:00,10.511,128.2,1080,1920,1920,1080,90,119.88,h264,yuv420p,bt709,pcm_s16be,ILCE-7M5,FE 50mm F1.4 GM,7,unreviewed,,,,
C2398,C2398.MP4,2026-07-18T14:59:04-06:00,3.504,128.1,2160,3840,3840,2160,90,119.88,h264,yuv420p,bt709,pcm_s16be,ILCE-7M5,FE 50mm F1.4 GM,7,unreviewed,,,,
C2399,C2399.MP4,2026-07-18T14:59:32-06:00,20.02,512.2,2160,3840,3840,2160,90,119.88,h264,yuv420p,bt709,pcm_s16be,ILCE-7M5,FE 50mm F1.4 GM,7,unreviewed,,,,
C2400,C2400.MP4,2026-07-18T15:00:10-06:00,8.008,128.1,1080,1920,1920,1080,90,119.88,h264,yuv420p,bt709,pcm_s16be,ILCE-7M5,FE 50mm F1.4 GM,7,unreviewed,,,,
C2401,C2401.MP4,2026-07-18T15:00:33-06:00,4.004,64.1,1080,1920,1920,1080,90,119.88,h264,yuv420p,bt709,pcm_s16be,ILCE-7M5,FE 50mm F1.4 GM,7,unreviewed,,,,
C2402,C2402.MP4,2026-07-18T15:01:35-06:00,14.014,192.2,1080,1920,1920,1080,90,119.88,h264,yuv420p,bt709,pcm_s16be,ILCE-7M5,FE 50mm F1.4 GM,7,unreviewed,,,,
C2403,C2403.MP4,2026-07-18T15:02:51-06:00,10.511,128.2,1080,1920,1920,1080,90,119.88,h264,yuv420p,bt709,pcm_s16be,ILCE-7M5,FE 50mm F1.4 GM,7,unreviewed,,,,
C2404,C2404.MP4,2026-07-18T15:03:15-06:00,15.015,192.2,1080,1920,1920,1080,90,119.88,h264,yuv420p,bt709,pcm_s16be,ILCE-7M5,FE 50mm F1.4 GM,7,unreviewed,,,,
C2405,C2405.MP4,2026-07-18T15:03:56-06:00,9.51,128.2,1080,1920,1920,1080,90,119.88,h264,yuv420p,bt709,pcm_s16be,ILCE-7M5,FE 50mm F1.4 GM,7,unreviewed,,,,
C2406,C2406.MP4,2026-07-18T15:04:16-06:00,7.508,128.1,1080,1920,1920,1080,90,119.88,h264,yuv420p,bt709,pcm_s16be,ILCE-7M5,FE 50mm F1.4 GM,7,unreviewed,,,,
C2407,C2407.MP4,2026-07-18T15:04:57-06:00,8.008,128.1,1080,1920,1920,1080,90,119.88,h264,yuv420p,bt709,pcm_s16be,ILCE-7M5,FE 50mm F1.4 GM,7,unreviewed,,,,
C2408,C2408.MP4,2026-07-18T15:05:59-06:00,11.512,128.2,1080,1920,1920,1080,90,119.88,h264,yuv420p,bt709,pcm_s16be,ILCE-7M5,FE 50mm F1.4 GM,7,unreviewed,,,,
C2409,C2409.MP4,2026-07-18T15:06:32-06:00,8.008,128.1,1080,1920,1920,1080,90,119.88,h264,yuv420p,bt709,pcm_s16be,ILCE-7M5,FE 50mm F1.4 GM,7,unreviewed,,,,
C2410,C2410.MP4,2026-07-18T15:06:51-06:00,15.015,192.2,1080,1920,1920,1080,90,119.88,h264,yuv420p,bt709,pcm_s16be,ILCE-7M5,FE 50mm F1.4 GM,7,unreviewed,,,,
C2411,C2411.MP4,2026-07-18T15:07:38-06:00,13.013,128.2,1080,1920,1920,1080,90,119.88,h264,yuv420p,bt709,pcm_s16be,ILCE-7M5,FE 50mm F1.4 GM,7,unreviewed,,,,
C2412,C2412.MP4,2026-07-18T15:08:03-06:00,1.001,64.1,1080,1920,1920,1080,90,119.88,h264,yuv420p,bt709,pcm_s16be,ILCE-7M5,FE 50mm F1.4 GM,7,unreviewed,,,,
C2413,C2413.MP4,2026-07-18T15:17:56-06:00,7.508,128.1,1080,1920,1920,1080,90,119.88,h264,yuv420p,bt709,pcm_s16be,ILCE-7M5,FE 50mm F1.4 GM,7,unreviewed,,,,
C2414,C2414.MP4,2026-07-18T15:18:21-06:00,7.508,128.1,1080,1920,1920,1080,90,119.88,h264,yuv420p,bt709,pcm_s16be,ILCE-7M5,FE 50mm F1.4 GM,7,unreviewed,,,,
C2415,C2415.MP4,2026-07-18T15:18:47-06:00,7.508,128.1,1080,1920,1920,1080,90,119.88,h264,yuv420p,bt709,pcm_s16be,ILCE-7M5,FE 50mm F1.4 GM,7,unreviewed,,,,
C2416,C2416.MP4,2026-07-18T15:20:57-06:00,11.512,128.2,1080,1920,1920,1080,90,119.88,h264,yuv420p,bt709,pcm_s16be,ILCE-7M5,FE 50mm F1.4 GM,7,unreviewed,,,,
C2417,C2417.MP4,2026-07-18T15:21:25-06:00,19.019,192.2,1080,1920,1920,1080,90,119.88,h264,yuv420p,bt709,pcm_s16be,ILCE-7M5,FE 50mm F1.4 GM,7,unreviewed,,,,
C2418,C2418.MP4,2026-07-18T15:21:58-06:00,8.509,128.1,1080,1920,1920,1080,90,119.88,h264,yuv420p,bt709,pcm_s16be,ILCE-7M5,FE 50mm F1.4 GM,7,unreviewed,,,,
C2419,C2419.MP4,2026-07-18T15:24:01-06:00,5.005,64.1,1080,1920,1920,1080,90,119.88,h264,yuv420p,bt709,pcm_s16be,ILCE-7M5,FE 50mm F1.4 GM,7,unreviewed,,,,
C2422,C2422.MP4,2026-07-18T15:25:04-06:00,11.512,128.2,1080,1920,1920,1080,90,119.88,h264,yuv420p,bt709,pcm_s16be,ILCE-7M5,FE 50mm F1.4 GM,7,unreviewed,,,,
C2423,C2423.MP4,2026-07-18T15:25:58-06:00,9.009,128.1,1080,1920,1920,1080,90,119.88,h264,yuv420p,bt709,pcm_s16be,ILCE-7M5,FE 50mm F1.4 GM,7,unreviewed,,,,
C2424,C2424.MP4,2026-07-18T15:27:00-06:00,19.52,192.2,1080,1920,1920,1080,90,119.88,h264,yuv420p,bt709,pcm_s16be,ILCE-7M5,FE 50mm F1.4 GM,7,unreviewed,,,,
C2425,C2425.MP4,2026-07-18T15:27:46-06:00,15.015,192.2,1080,1920,1920,1080,90,119.88,h264,yuv420p,bt709,pcm_s16be,ILCE-7M5,FE 50mm F1.4 GM,7,unreviewed,,,,
C2426,C2426.MP4,2026-07-18T15:28:51-06:00,16.517,192.2,1080,1920,1920,1080,90,119.88,h264,yuv420p,bt709,pcm_s16be,ILCE-7M5,FE 50mm F1.4 GM,7,unreviewed,,,,
C2427,C2427.MP4,2026-07-18T15:29:19-06:00,5.506,64.1,1080,1920,1920,1080,90,119.88,h264,yuv420p,bt709,pcm_s16be,ILCE-7M5,FE 50mm F1.4 GM,7,unreviewed,,,,
C2428,C2428.MP4,2026-07-18T15:39:24-06:00,5.506,64.1,1080,1920,1920,1080,90,119.88,h264,yuv420p,bt709,pcm_s16be,ILCE-7M5,FE 50mm F1.4 GM,7,unreviewed,,,,
C2431,C2431.MP4,2026-07-18T15:40:25-06:00,9.009,128.1,1080,1920,1920,1080,90,119.88,h264,yuv420p,bt709,pcm_s16be,ILCE-7M5,FE 50mm F1.4 GM,7,unreviewed,,,,
C2435,C2435.MP4,2026-07-18T15:42:22-06:00,8.509,128.1,1080,1920,1920,1080,90,119.88,h264,yuv420p,bt709,pcm_s16be,ILCE-7M5,FE 50mm F1.4 GM,7,unreviewed,,,,
C2436,C2436.MP4,2026-07-18T15:43:02-06:00,14.515,192.2,1080,1920,1920,1080,90,119.88,h264,yuv420p,bt709,pcm_s16be,ILCE-7M5,FE 50mm F1.4 GM,7,unreviewed,,,,
C2437,C2437.MP4,2026-07-18T15:43:22-06:00,11.512,128.2,1080,1920,1920,1080,90,119.88,h264,yuv420p,bt709,pcm_s16be,ILCE-7M5,FE 50mm F1.4 GM,7,unreviewed,,,,
C2438,C2438.MP4,2026-07-18T15:43:43-06:00,12.012,128.2,1080,1920,1920,1080,90,119.88,h264,yuv420p,bt709,pcm_s16be,ILCE-7M5,FE 50mm F1.4 GM,7,unreviewed,,,,
C2439,C2439.MP4,2026-07-18T15:44:32-06:00,16.016,192.2,1080,1920,1920,1080,90,119.88,h264,yuv420p,bt709,pcm_s16be,ILCE-7M5,FE 50mm F1.4 GM,7,unreviewed,,,,
C2440,C2440.MP4,2026-07-18T15:44:58-06:00,18.018,192.2,1080,1920,1920,1080,90,119.88,h264,yuv420p,bt709,pcm_s16be,ILCE-7M5,FE 50mm F1.4 GM,7,unreviewed,,,,
C2441,C2441.MP4,2026-07-18T15:45:25-06:00,10.01,128.2,1080,1920,1920,1080,90,119.88,h264,yuv420p,bt709,pcm_s16be,ILCE-7M5,FE 50mm F1.4 GM,7,unreviewed,,,,
