clip_id,file,event,event_date,team_a,team_b,players,participant_handles,court,round,play_type,outcome,score,clip_in,moment_time,clip_out,footage_tone,ball_visibility,footage_credit,editor_credit,rights_status,copy_status,caption_action,asset_cue,notes
jpo-c2260,C2260.MP4,Jalapeño Open,2026-07-18,,,,,,,,,,,,,,,Flickday Media,,unknown,draft,none,,Captured 9:22:13 AM · 0:04 source · review pending
jpo-c2261,C2261.MP4,Jalapeño Open,2026-07-18,,,,,,,,,,,,,,,Flickday Media,,unknown,draft,none,,Captured 9:22:29 AM · 0:05 source · review pending
jpo-c2262,C2262.MP4,Jalapeño Open,2026-07-18,,,,,,,,,,,,,,,Flickday Media,,unknown,draft,none,,Captured 9:23:15 AM · 0:12 source · review pending
jpo-c2263,C2263.MP4,Jalapeño Open,2026-07-18,,,,,,,,,,,,,,,Flickday Media,,unknown,draft,none,,Captured 9:23:49 AM · 0:13 source · review pending
jpo-c2265,C2265.MP4,Jalapeño Open,2026-07-18,,,,,,,,,,,,,,,Flickday Media,,unknown,draft,none,,Captured 9:33:56 AM · 0:08 source · review pending
jpo-c2266,C2266.MP4,Jalapeño Open,2026-07-18,,,,,,,,,,,,,,,Flickday Media,,unknown,draft,none,,Captured 9:34:15 AM · 0:09 source · review pending
jpo-c2268,C2268.MP4,Jalapeño Open,2026-07-18,,,,,,,,,,,,,,,Flickday Media,,unknown,draft,none,,Captured 9:35:09 AM · 0:08 source · review pending
jpo-c2269,C2269.MP4,Jalapeño Open,2026-07-18,,,,,,,,,,,,,,,Flickday Media,,unknown,draft,none,,Captured 9:35:27 AM · 0:09 source · review pending
jpo-c2270,C2270.MP4,Jalapeño Open,2026-07-18,,,,,,,,,,,,,,,Flickday Media,,unknown,draft,none,,Captured 9:35:51 AM · 0:10 source · review pending
jpo-c2271,C2271.MP4,Jalapeño Open,2026-07-18,,,,,,,,,,,,,,,Flickday Media,,unknown,draft,none,,Captured 9:36:21 AM · 0:08 source · review pending
jpo-c2273,C2273.MP4,Jalapeño Open,2026-07-18,,,,,,,,,,,,,,,Flickday Media,,unknown,draft,none,,Captured 9:36:56 AM · 0:16 source · review pending
jpo-c2274,C2274.MP4,Jalapeño Open,2026-07-18,,,,,,,,,,,,,,,Flickday Media,,unknown,draft,none,,Captured 9:37:27 AM · 0:07 source · review pending
jpo-c2276,C2276.MP4,Jalapeño Open,2026-07-18,,,,,,,,,,,,,,,Flickday Media,,unknown,draft,none,,Captured 9:38:05 AM · 0:10 source · review pending
jpo-c2277,C2277.MP4,Jalapeño Open,2026-07-18,,,,,,,,,,,,,,,Flickday Media,,unknown,draft,none,,Captured 9:38:27 AM · 0:10 source · review pending
jpo-c2278,C2278.MP4,Jalapeño Open,2026-07-18,,,,,,,,,,,,,,,Flickday Media,,unknown,draft,none,,Captured 9:39:43 AM · 0:09 source · review pending
jpo-c2279,C2279.MP4,Jalapeño Open,2026-07-18,,,,,,,,,,,,,,,Flickday Media,,unknown,draft,none,,Captured 9:40:13 AM · 0:12 source · review pending
jpo-c2280,C2280.MP4,Jalapeño Open,2026-07-18,,,,,,,,,,,,,,,Flickday Media,,unknown,draft,none,,Captured 9:40:57 AM · 0:15 source · review pending
jpo-c2282,C2282.MP4,Jalapeño Open,2026-07-18,,,,,,,,,,,,,,,Flickday Media,,unknown,draft,none,,Captured 9:41:54 AM · 0:08 source · review pending
jpo-c2283,C2283.MP4,Jalapeño Open,2026-07-18,,,,,,,,,,,,,,,Flickday Media,,unknown,draft,none,,Captured 9:42:18 AM · 0:11 source · review pending
jpo-c2284,C2284.MP4,Jalapeño Open,2026-07-18,,,,,,,,,,,,,,,Flickday Media,,unknown,draft,none,,Captured 9:42:41 AM · 0:11 source · review pending
jpo-c2285,C2285.MP4,Jalapeño Open,2026-07-18,,,,,,,,,,,,,,,Flickday Media,,unknown,draft,none,,Captured 10:02:52 AM · 0:14 source · review pending
jpo-c2287,C2287.MP4,Jalapeño Open,2026-07-18,,,,,,,,,,,,,,,Flickday Media,,unknown,draft,none,,Captured 10:04:32 AM · 0:08 source · review pending
jpo-c2289,C2289.MP4,Jalapeño Open,2026-07-18,,,,,,,,,,,,,,,Flickday Media,,unknown,draft,none,,Captured 10:05:20 AM · 0:15 source · review pending
jpo-c2290,C2290.MP4,Jalapeño Open,2026-07-18,,,,,,,,,,,,,,,Flickday Media,,unknown,draft,none,,Captured 10:05:47 AM · 0:09 source · review pending
jpo-c2291,C2291.MP4,Jalapeño Open,2026-07-18,,,,,,,,,,,,,,,Flickday Media,,unknown,draft,none,,Captured 10:06:14 AM · 0:09 source · review pending
jpo-c2292,C2292.MP4,Jalapeño Open,2026-07-18,,,,,,,,,,,,,,,Flickday Media,,unknown,draft,none,,Captured 10:06:37 AM · 0:04 source · review pending
jpo-c2293,C2293.MP4,Jalapeño Open,2026-07-18,,,,,,,,,,,,,,,Flickday Media,,unknown,draft,none,,Captured 10:06:48 AM · 0:21 source · review pending
jpo-c2295,C2295.MP4,Jalapeño Open,2026-07-18,,,,,,,,,,,,,,,Flickday Media,,unknown,draft,none,,Captured 10:07:48 AM · 0:13 source · review pending
jpo-c2298,C2298.MP4,Jalapeño Open,2026-07-18,,,,,,,,,,,,,,,Flickday Media,,unknown,draft,none,,Captured 10:20:13 AM · 0:11 source · review pending
jpo-c2299,C2299.MP4,Jalapeño Open,2026-07-18,,,,,,,,,,,,,,,Flickday Media,,unknown,draft,none,,Captured 10:20:45 AM · 0:09 source · review pending
jpo-c2300,C2300.MP4,Jalapeño Open,2026-07-18,,,,,,,,,,,,,,,Flickday Media,,unknown,draft,none,,Captured 10:21:07 AM · 0:06 source · review pending
jpo-c2302,C2302.MP4,Jalapeño Open,2026-07-18,,,,,,,,,,,,,,,Flickday Media,,unknown,draft,none,,Captured 10:22:57 AM · 0:10 source · review pending
jpo-c2303,C2303.MP4,Jalapeño Open,2026-07-18,,,,,,,,,,,,,,,Flickday Media,,unknown,draft,none,,Captured 10:23:20 AM · 0:10 source · review pending
jpo-c2304,C2304.MP4,Jalapeño Open,2026-07-18,,,,,,,,,,,,,,,Flickday Media,,unknown,draft,none,,Captured 10:23:44 AM · 0:09 source · review pending
jpo-c2306,C2306.MP4,Jalapeño Open,2026-07-18,,,,,,,,,,,,,,,Flickday Media,,unknown,draft,none,,Captured 10:24:12 AM · 0:09 source · review pending
jpo-c2307,C2307.MP4,Jalapeño Open,2026-07-18,,,,,,,,,,,,,,,Flickday Media,,unknown,draft,none,,Captured 10:24:36 AM · 0:18 source · review pending
jpo-c2308,C2308.MP4,Jalapeño Open,2026-07-18,,,,,,,,,,,,,,,Flickday Media,,unknown,draft,none,,Captured 10:25:08 AM · 0:09 source · review pending
jpo-c2309,C2309.MP4,Jalapeño Open,2026-07-18,,,,,,,,,,,,,,,Flickday Media,,unknown,draft,none,,Captured 10:25:21 AM · 0:05 source · review pending
jpo-c2310,C2310.MP4,Jalapeño Open,2026-07-18,,,,,,,,,,,,,,,Flickday Media,,unknown,draft,none,,Captured 10:25:29 AM · 0:12 source · review pending
jpo-c2311,C2311.MP4,Jalapeño Open,2026-07-18,,,,,,,,,,,,,,,Flickday Media,,unknown,draft,none,,Captured 10:25:56 AM · 0:12 source · review pending
jpo-c2315,C2315.MP4,Jalapeño Open,2026-07-18,,,,,,,,,,,,,,,Flickday Media,,unknown,draft,none,,Captured 10:27:40 AM · 0:09 source · review pending
jpo-c2316,C2316.MP4,Jalapeño Open,2026-07-18,,,,,,,,,,,,,,,Flickday Media,,unknown,draft,none,,Captured 10:28:10 AM · 0:10 source · review pending
jpo-c2317,C2317.MP4,Jalapeño Open,2026-07-18,,,,,,,,,,,,,,,Flickday Media,,unknown,draft,none,,Captured 10:28:32 AM · 0:18 source · review pending
jpo-c2318,C2318.MP4,Jalapeño Open,2026-07-18,,,,,,,,,,,,,,,Flickday Media,,unknown,draft,none,,Captured 10:29:03 AM · 0:03 source · review pending
jpo-c2319,C2319.MP4,Jalapeño Open,2026-07-18,,,,,,,,,,,,,,,Flickday Media,,unknown,draft,none,,Captured 10:29:09 AM · 0:18 source · review pending
jpo-c2320,C2320.MP4,Jalapeño Open,2026-07-18,,,,,,,,,,,,,,,Flickday Media,,unknown,draft,none,,Captured 10:29:55 AM · 0:21 source · review pending
jpo-c2323,C2323.MP4,Jalapeño Open,2026-07-18,,,,,,,,,,,,,,,Flickday Media,,unknown,draft,none,,Captured 10:31:19 AM · 0:07 source · review pending
jpo-c2324,C2324.MP4,Jalapeño Open,2026-07-18,,,,,,,,,,,,,,,Flickday Media,,unknown,draft,none,,Captured 10:31:41 AM · 0:16 source · review pending
jpo-c2325,C2325.MP4,Jalapeño Open,2026-07-18,,,,,,,,,,,,,,,Flickday Media,,unknown,draft,none,,Captured 12:18:49 PM · 0:06 source · review pending
jpo-c2326,C2326.MP4,Jalapeño Open,2026-07-18,,,,,,,,,,,,,,,Flickday Media,,unknown,draft,none,,Captured 12:19:05 PM · 0:12 source · review pending
jpo-c2327,C2327.MP4,Jalapeño Open,2026-07-18,,,,,,,,,,,,,,,Flickday Media,,unknown,draft,none,,Captured 12:19:56 PM · 0:19 source · review pending
jpo-c2328,C2328.MP4,Jalapeño Open,2026-07-18,,,,,,,,,,,,,,,Flickday Media,,unknown,draft,none,,Captured 12:22:05 PM · 0:11 source · review pending
jpo-c2329,C2329.MP4,Jalapeño Open,2026-07-18,,,,,,,,,,,,,,,Flickday Media,,unknown,draft,none,,Captured 12:44:14 PM · 1:46 source · review pending
jpo-c2330,C2330.MP4,Jalapeño Open,2026-07-18,,,,,,,,,,,,,,,Flickday Media,,unknown,draft,none,,Captured 12:46:05 PM · 0:14 source · review pending
jpo-c2332,C2332.MP4,Jalapeño Open,2026-07-18,,,,,,,,,,,,,,,Flickday Media,,unknown,draft,none,,Captured 12:46:34 PM · 0:10 source · review pending
jpo-c2333,C2333.MP4,Jalapeño Open,2026-07-18,,,,,,,,,,,,,,,Flickday Media,,unknown,draft,none,,Captured 12:47:01 PM · 0:21 source · review pending
jpo-c2336,C2336.MP4,Jalapeño Open,2026-07-18,,,,,,,,,,,,,,,Flickday Media,,unknown,draft,none,,Captured 12:48:45 PM · 0:04 source · review pending
jpo-c2337,C2337.MP4,Jalapeño Open,2026-07-18,,,,,,,,,,,,,,,Flickday Media,,unknown,draft,none,,Captured 12:49:16 PM · 0:18 source · review pending
jpo-c2340,C2340.MP4,Jalapeño Open,2026-07-18,,,,,,,,,,,,,,,Flickday Media,,unknown,draft,none,,Captured 1:57:27 PM · 0:07 source · review pending
jpo-c2341,C2341.MP4,Jalapeño Open,2026-07-18,,,,,,,,,,,,,,,Flickday Media,,unknown,draft,none,,Captured 1:57:45 PM · 0:07 source · review pending
jpo-c2342,C2342.MP4,Jalapeño Open,2026-07-18,,,,,,,,,,,,,,,Flickday Media,,unknown,draft,none,,Captured 1:58:10 PM · 0:13 source · review pending
jpo-c2343,C2343.MP4,Jalapeño Open,2026-07-18,,,,,,,,,,,,,,,Flickday Media,,unknown,draft,none,,Captured 1:58:36 PM · 0:08 source · review pending
jpo-c2344,C2344.MP4,Jalapeño Open,2026-07-18,,,,,,,,,,,,,,,Flickday Media,,unknown,draft,none,,Captured 1:59:07 PM · 0:13 source · review pending
jpo-c2345,C2345.MP4,Jalapeño Open,2026-07-18,,,,,,,,,,,,,,,Flickday Media,,unknown,draft,none,,Captured 1:59:31 PM · 0:11 source · review pending
jpo-c2347,C2347.MP4,Jalapeño Open,2026-07-18,,,,,,,,,,,,,,,Flickday Media,,unknown,draft,none,,Captured 2:00:09 PM · 0:07 source · review pending
jpo-c2349,C2349.MP4,Jalapeño Open,2026-07-18,,,,,,,,,,,,,,,Flickday Media,,unknown,draft,none,,Captured 2:01:03 PM · 0:21 source · review pending
jpo-c2351,C2351.MP4,Jalapeño Open,2026-07-18,,,,,,,,,,,,,,,Flickday Media,,unknown,draft,none,,Captured 2:01:59 PM · 0:13 source · review pending
jpo-c2352,C2352.MP4,Jalapeño Open,2026-07-18,,,,,,,,,,,,,,,Flickday Media,,unknown,draft,none,,Captured 2:02:33 PM · 0:13 source · review pending
jpo-c2353,C2353.MP4,Jalapeño Open,2026-07-18,,,,,,,,,,,,,,,Flickday Media,,unknown,draft,none,,Captured 2:02:59 PM · 0:08 source · review pending
jpo-c2354,C2354.MP4,Jalapeño Open,2026-07-18,,,,,,,,,,,,,,,Flickday Media,,unknown,draft,none,,Captured 2:04:21 PM · 0:17 source · review pending
jpo-c2355,C2355.MP4,Jalapeño Open,2026-07-18,,,,,,,,,,,,,,,Flickday Media,,unknown,draft,none,,Captured 2:05:18 PM · 0:15 source · review pending
jpo-c2356,C2356.MP4,Jalapeño Open,2026-07-18,,,,,,,,,,,,,,,Flickday Media,,unknown,draft,none,,Captured 2:06:13 PM · 0:06 source · review pending
jpo-c2358,C2358.MP4,Jalapeño Open,2026-07-18,,,,,,,,,,,,,,,Flickday Media,,unknown,draft,none,,Captured 2:06:53 PM · 0:13 source · review pending
jpo-c2359,C2359.MP4,Jalapeño Open,2026-07-18,,,,,,,,,,,,,,,Flickday Media,,unknown,draft,none,,Captured 2:12:55 PM · 0:06 source · review pending
jpo-c2361,C2361.MP4,Jalapeño Open,2026-07-18,,,,,,,,,,,,,,,Flickday Media,,unknown,draft,none,,Captured 2:13:28 PM · 0:08 source · review pending
jpo-c2362,C2362.MP4,Jalapeño Open,2026-07-18,,,,,,,,,,,,,,,Flickday Media,,unknown,draft,none,,Captured 2:13:46 PM · 0:07 source · review pending
jpo-c2363,C2363.MP4,Jalapeño Open,2026-07-18,,,,,,,,,,,,,,,Flickday Media,,unknown,draft,none,,Captured 2:14:12 PM · 0:11 source · review pending
jpo-c2364,C2364.MP4,Jalapeño Open,2026-07-18,,,,,,,,,,,,,,,Flickday Media,,unknown,draft,none,,Captured 2:14:35 PM · 0:07 source · review pending
jpo-c2369,C2369.MP4,Jalapeño Open,2026-07-18,,,,,,,,,,,,,,,Flickday Media,,unknown,draft,none,,Captured 2:17:24 PM · 0:15 source · review pending
jpo-c2370,C2370.MP4,Jalapeño Open,2026-07-18,,,,,,,,,,,,,,,Flickday Media,,unknown,draft,none,,Captured 2:17:52 PM · 0:06 source · review pending
jpo-c2371,C2371.MP4,Jalapeño Open,2026-07-18,,,,,,,,,,,,,,,Flickday Media,,unknown,draft,none,,Captured 2:18:14 PM · 0:14 source · review pending
jpo-c2372,C2372.MP4,Jalapeño Open,2026-07-18,,,,,,,,,,,,,,,Flickday Media,,unknown,draft,none,,Captured 2:18:37 PM · 0:10 source · review pending
jpo-c2373,C2373.MP4,Jalapeño Open,2026-07-18,,,,,,,,,,,,,,,Flickday Media,,unknown,draft,none,,Captured 2:19:47 PM · 0:11 source · review pending
jpo-c2374,C2374.MP4,Jalapeño Open,2026-07-18,,,,,,,,,,,,,,,Flickday Media,,unknown,draft,none,,Captured 2:20:18 PM · 0:08 source · review pending
jpo-c2375,C2375.MP4,Jalapeño Open,2026-07-18,,,,,,,,,,,,,,,Flickday Media,,unknown,draft,none,,Captured 2:20:42 PM · 0:14 source · review pending
jpo-c2378,C2378.MP4,Jalapeño Open,2026-07-18,,,,,,,,,,,,,,,Flickday Media,,unknown,draft,none,,Captured 2:22:16 PM · 0:01 source · review pending
jpo-c2380,C2380.MP4,Jalapeño Open,2026-07-18,,,,,,,,,,,,,,,Flickday Media,,unknown,draft,none,,Captured 2:22:26 PM · 0:06 source · review pending
jpo-c2381,C2381.MP4,Jalapeño Open,2026-07-18,,,,,,,,,,,,,,,Flickday Media,,unknown,draft,none,,Captured 2:22:38 PM · 0:10 source · review pending
jpo-c2382,C2382.MP4,Jalapeño Open,2026-07-18,,,,,,,,,,,,,,,Flickday Media,,unknown,draft,none,,Captured 2:23:15 PM · 0:10 source · review pending
jpo-c2383,C2383.MP4,Jalapeño Open,2026-07-18,,,,,,,,,,,,,,,Flickday Media,,unknown,draft,none,,Captured 2:23:37 PM · 0:10 source · review pending
jpo-c2384,C2384.MP4,Jalapeño Open,2026-07-18,,,,,,,,,,,,,,,Flickday Media,,unknown,draft,none,,Captured 2:24:03 PM · 0:03 source · review pending
jpo-c2385,C2385.MP4,Jalapeño Open,2026-07-18,,,,,,,,,,,,,,,Flickday Media,,unknown,draft,none,,Captured 2:37:05 PM · 0:10 source · review pending
jpo-c2386,C2386.MP4,Jalapeño Open,2026-07-18,,,,,,,,,,,,,,,Flickday Media,,unknown,draft,none,,Captured 2:37:35 PM · 0:16 source · review pending
jpo-c2387,C2387.MP4,Jalapeño Open,2026-07-18,,,,,,,,,,,,,,,Flickday Media,,unknown,draft,none,,Captured 2:38:20 PM · 0:17 source · review pending
jpo-c2388,C2388.MP4,Jalapeño Open,2026-07-18,,,,,,,,,,,,,,,Flickday Media,,unknown,draft,none,,Captured 2:39:18 PM · 0:07 source · review pending
jpo-c2389,C2389.MP4,Jalapeño Open,2026-07-18,,,,,,,,,,,,,,,Flickday Media,,unknown,draft,none,,Captured 2:39:39 PM · 0:07 source · review pending
jpo-c2391,C2391.MP4,Jalapeño Open,2026-07-18,,,,,,,,,,,,,,,Flickday Media,,unknown,draft,none,,Captured 2:40:56 PM · 0:11 source · review pending
jpo-c2393,C2393.MP4,Jalapeño Open,2026-07-18,,,,,,,,,,,,,,,Flickday Media,,unknown,draft,none,,Captured 2:42:38 PM · 0:12 source · review pending
jpo-c2394,C2394.MP4,Jalapeño Open,2026-07-18,,,,,,,,,,,,,,,Flickday Media,,unknown,draft,none,,Captured 2:43:09 PM · 0:11 source · review pending
jpo-c2395,C2395.MP4,Jalapeño Open,2026-07-18,,,,,,,,,,,,,,,Flickday Media,,unknown,draft,none,,Captured 2:46:29 PM · 0:12 source · review pending
jpo-c2397,C2397.MP4,Jalapeño Open,2026-07-18,,,,,,,,,,,,,,,Flickday Media,,unknown,draft,none,,Captured 2:58:11 PM · 0:10 source · review pending
jpo-c2398,C2398.MP4,Jalapeño Open,2026-07-18,,,,,,,,,,,,,,,Flickday Media,,unknown,draft,none,,Captured 2:59:04 PM · 0:03 source · review pending
jpo-c2399,C2399.MP4,Jalapeño Open,2026-07-18,,,,,,,,,,,,,,,Flickday Media,,unknown,draft,none,,Captured 2:59:32 PM · 0:20 source · review pending
jpo-c2400,C2400.MP4,Jalapeño Open,2026-07-18,,,,,,,,,,,,,,,Flickday Media,,unknown,draft,none,,Captured 3:00:10 PM · 0:08 source · review pending
jpo-c2401,C2401.MP4,Jalapeño Open,2026-07-18,,,,,,,,,,,,,,,Flickday Media,,unknown,draft,none,,Captured 3:00:33 PM · 0:04 source · review pending
jpo-c2402,C2402.MP4,Jalapeño Open,2026-07-18,,,,,,,,,,,,,,,Flickday Media,,unknown,draft,none,,Captured 3:01:35 PM · 0:14 source · review pending
jpo-c2403,C2403.MP4,Jalapeño Open,2026-07-18,,,,,,,,,,,,,,,Flickday Media,,unknown,draft,none,,Captured 3:02:51 PM · 0:10 source · review pending
jpo-c2404,C2404.MP4,Jalapeño Open,2026-07-18,,,,,,,,,,,,,,,Flickday Media,,unknown,draft,none,,Captured 3:03:15 PM · 0:15 source · review pending
jpo-c2405,C2405.MP4,Jalapeño Open,2026-07-18,,,,,,,,,,,,,,,Flickday Media,,unknown,draft,none,,Captured 3:03:56 PM · 0:09 source · review pending
jpo-c2406,C2406.MP4,Jalapeño Open,2026-07-18,,,,,,,,,,,,,,,Flickday Media,,unknown,draft,none,,Captured 3:04:16 PM · 0:07 source · review pending
jpo-c2407,C2407.MP4,Jalapeño Open,2026-07-18,,,,,,,,,,,,,,,Flickday Media,,unknown,draft,none,,Captured 3:04:57 PM · 0:08 source · review pending
jpo-c2408,C2408.MP4,Jalapeño Open,2026-07-18,,,,,,,,,,,,,,,Flickday Media,,unknown,draft,none,,Captured 3:05:59 PM · 0:11 source · review pending
jpo-c2409,C2409.MP4,Jalapeño Open,2026-07-18,,,,,,,,,,,,,,,Flickday Media,,unknown,draft,none,,Captured 3:06:32 PM · 0:08 source · review pending
jpo-c2410,C2410.MP4,Jalapeño Open,2026-07-18,,,,,,,,,,,,,,,Flickday Media,,unknown,draft,none,,Captured 3:06:51 PM · 0:15 source · review pending
jpo-c2411,C2411.MP4,Jalapeño Open,2026-07-18,,,,,,,,,,,,,,,Flickday Media,,unknown,draft,none,,Captured 3:07:38 PM · 0:13 source · review pending
jpo-c2412,C2412.MP4,Jalapeño Open,2026-07-18,,,,,,,,,,,,,,,Flickday Media,,unknown,draft,none,,Captured 3:08:03 PM · 0:01 source · review pending
jpo-c2413,C2413.MP4,Jalapeño Open,2026-07-18,,,,,,,,,,,,,,,Flickday Media,,unknown,draft,none,,Captured 3:17:56 PM · 0:07 source · review pending
jpo-c2414,C2414.MP4,Jalapeño Open,2026-07-18,,,,,,,,,,,,,,,Flickday Media,,unknown,draft,none,,Captured 3:18:21 PM · 0:07 source · review pending
jpo-c2415,C2415.MP4,Jalapeño Open,2026-07-18,,,,,,,,,,,,,,,Flickday Media,,unknown,draft,none,,Captured 3:18:47 PM · 0:07 source · review pending
jpo-c2416,C2416.MP4,Jalapeño Open,2026-07-18,,,,,,,,,,,,,,,Flickday Media,,unknown,draft,none,,Captured 3:20:57 PM · 0:11 source · review pending
jpo-c2417,C2417.MP4,Jalapeño Open,2026-07-18,,,,,,,,,,,,,,,Flickday Media,,unknown,draft,none,,Captured 3:21:25 PM · 0:19 source · review pending
jpo-c2418,C2418.MP4,Jalapeño Open,2026-07-18,,,,,,,,,,,,,,,Flickday Media,,unknown,draft,none,,Captured 3:21:58 PM · 0:08 source · review pending
jpo-c2419,C2419.MP4,Jalapeño Open,2026-07-18,,,,,,,,,,,,,,,Flickday Media,,unknown,draft,none,,Captured 3:24:01 PM · 0:05 source · review pending
jpo-c2422,C2422.MP4,Jalapeño Open,2026-07-18,,,,,,,,,,,,,,,Flickday Media,,unknown,draft,none,,Captured 3:25:04 PM · 0:11 source · review pending
jpo-c2423,C2423.MP4,Jalapeño Open,2026-07-18,,,,,,,,,,,,,,,Flickday Media,,unknown,draft,none,,Captured 3:25:58 PM · 0:09 source · review pending
jpo-c2424,C2424.MP4,Jalapeño Open,2026-07-18,,,,,,,,,,,,,,,Flickday Media,,unknown,draft,none,,Captured 3:27:00 PM · 0:19 source · review pending
jpo-c2425,C2425.MP4,Jalapeño Open,2026-07-18,,,,,,,,,,,,,,,Flickday Media,,unknown,draft,none,,Captured 3:27:46 PM · 0:15 source · review pending
jpo-c2426,C2426.MP4,Jalapeño Open,2026-07-18,,,,,,,,,,,,,,,Flickday Media,,unknown,draft,none,,Captured 3:28:51 PM · 0:16 source · review pending
jpo-c2427,C2427.MP4,Jalapeño Open,2026-07-18,,,,,,,,,,,,,,,Flickday Media,,unknown,draft,none,,Captured 3:29:19 PM · 0:05 source · review pending
jpo-c2428,C2428.MP4,Jalapeño Open,2026-07-18,,,,,,,,,,,,,,,Flickday Media,,unknown,draft,none,,Captured 3:39:24 PM · 0:05 source · review pending
jpo-c2431,C2431.MP4,Jalapeño Open,2026-07-18,,,,,,,,,,,,,,,Flickday Media,,unknown,draft,none,,Captured 3:40:25 PM · 0:09 source · review pending
jpo-c2435,C2435.MP4,Jalapeño Open,2026-07-18,,,,,,,,,,,,,,,Flickday Media,,unknown,draft,none,,Captured 3:42:22 PM · 0:08 source · review pending
jpo-c2436,C2436.MP4,Jalapeño Open,2026-07-18,,,,,,,,,,,,,,,Flickday Media,,unknown,draft,none,,Captured 3:43:02 PM · 0:14 source · review pending
jpo-c2437,C2437.MP4,Jalapeño Open,2026-07-18,,,,,,,,,,,,,,,Flickday Media,,unknown,draft,none,,Captured 3:43:22 PM · 0:11 source · review pending
jpo-c2438,C2438.MP4,Jalapeño Open,2026-07-18,,,,,,,,,,,,,,,Flickday Media,,unknown,draft,none,,Captured 3:43:43 PM · 0:12 source · review pending
jpo-c2439,C2439.MP4,Jalapeño Open,2026-07-18,,,,,,,,,,,,,,,Flickday Media,,unknown,draft,none,,Captured 3:44:32 PM · 0:16 source · review pending
jpo-c2440,C2440.MP4,Jalapeño Open,2026-07-18,,,,,,,,,,,,,,,Flickday Media,,unknown,draft,none,,Captured 3:44:58 PM · 0:18 source · review pending
jpo-c2441,C2441.MP4,Jalapeño Open,2026-07-18,,,,,,,,,,,,,,,Flickday Media,,unknown,draft,none,,Captured 3:45:25 PM · 0:10 source · review pending
